experiment_id,met_id,ms_id,measurement_replicate,labelled_atom_ids,unlabelled_atoms,mass_isotope,intensity,intensity_std_error,time
SA27,Ala,Ala_232,1,"[2, 3]",C8H26ONSi2,0,0.451969,0.0216895,0
SA27,Ala,Ala_232,1,"[2, 3]",C8H26ONSi2,1,0.4366415,0.0161645,0
SA27,Ala,Ala_260,1,"[1, 2, 3]",C8H26O2NSi2,0,0.4289205,0.0121805,0
SA27,Ala,Ala_260,1,"[1, 2, 3]",C8H26O2NSi2,1,0.4231485,0.01,0
SA27,Ala,Ala_260,1,"[1, 2, 3]",C8H26O2NSi2,2,0.112298,0.01,0
SA27,Asp,Asp_302,1,"[1, 2]",C12H32O2NSi2,0,0.547693,0.0144845,0
SA27,Asp,Asp_302,1,"[1, 2]",C12H32O2NSi2,1,0.3344455,0.01,0
SA27,Asp,Asp_390,1,"[2, 3, 4]",C14H40O3NSi3,0,0.3350945,0.01,0
SA27,Asp,Asp_390,1,"[2, 3, 4]",C14H40O3NSi3,1,0.397883,0.01,0
SA27,Asp,Asp_390,1,"[2, 3, 4]",C14H40O3NSi3,2,0.1930945,0.01,0
SA27,Asp,Asp_418,1,"[1, 2, 3, 4]",C14H40O4NSi3,0,0.292948,0.01,0
SA27,Asp,Asp_418,1,"[1, 2, 3, 4]",C14H40O4NSi3,1,0.3891635,0.01,0
SA27,Asp,Asp_418,1,"[1, 2, 3, 4]",C14H40O4NSi3,2,0.211077,0.01,0
SA27,Asp,Asp_418,1,"[1, 2, 3, 4]",C14H40O4NSi3,3,0.081858,0.01,0
SA27,Glu,Glu_330,1,"[2, 3, 4, 5]",C12H36O2NSi2,0,0.256002,0.01,0
SA27,Glu,Glu_330,1,"[2, 3, 4, 5]",C12H36O2NSi2,1,0.3988195,0.01,0
SA27,Glu,Glu_330,1,"[2, 3, 4, 5]",C12H36O2NSi2,2,0.2411185,0.01,0
SA27,Glu,Glu_330,1,"[2, 3, 4, 5]",C12H36O2NSi2,3,0.0816095,0.01,0
SA27,Glu,Glu_432,1,"[1, 2, 3, 4, 5]",C14H42O4NSi3,0,0.204259,0.01,0
SA27,Glu,Glu_432,1,"[1, 2, 3, 4, 5]",C14H42O4NSi3,1,0.3618635,0.01,0
SA27,Glu,Glu_432,1,"[1, 2, 3, 4, 5]",C14H42O4NSi3,2,0.2663355,0.01,0
SA27,Glu,Glu_432,1,"[1, 2, 3, 4, 5]",C14H42O4NSi3,3,0.1151855,0.01,0
SA27,Glu,Glu_432,1,"[1, 2, 3, 4, 5]",C14H42O4NSi3,4,0.041308,0.01,0
SA27,Gly,Gly_218,1,[2],C8H24ONSi2,0,0.82467,0.013625,0
SA27,Gly,Gly_246,1,"[1, 2]",C8H24O2NSi2,0,0.7548525,0.01,0
SA27,Gly,Gly_246,1,"[1, 2]",C8H24O2NSi2,1,0.1739375,0.01,0
SA27,Ile,Ile_274,1,"[2, 3, 4, 5, 6]",C8H32ONSi2,0,0.2273905,0.013115,0
SA27,Ile,Ile_274,1,"[2, 3, 4, 5, 6]",C8H32ONSi2,1,0.385316,0.01,0
SA27,Ile,Ile_274,1,"[2, 3, 4, 5, 6]",C8H32ONSi2,2,0.260356,0.01,0
SA27,Ile,Ile_274,1,"[2, 3, 4, 5, 6]",C8H32ONSi2,3,0.093871,0.01,0
SA27,Ile,Ile_274,1,"[2, 3, 4, 5, 6]",C8H32ONSi2,4,0.026986,0.01,0
SA27,Leu,Leu_274,1,"[2, 3, 4, 5, 6]",C8H32ONSi2,0,0.1778895,0.0172965,0
SA27,Leu,Leu_274,1,"[2, 3, 4, 5, 6]",C8H32ONSi2,1,0.360941,0.012232,0
SA27,Leu,Leu_274,1,"[2, 3, 4, 5, 6]",C8H32ONSi2,2,0.2968885,0.01,0
SA27,Leu,Leu_274,1,"[2, 3, 4, 5, 6]",C8H32ONSi2,3,0.1235085,0.01,0
SA27,Leu,Leu_274,1,"[2, 3, 4, 5, 6]",C8H32ONSi2,4,0.0333095,0.01,0
SA27,Lys,Lys_329,1,"[2, 3, 4, 5, 6]",C12H41N2Si2,0,0.239158,0.0166135,0
SA27,Lys,Lys_329,1,"[2, 3, 4, 5, 6]",C12H41N2Si2,1,0.337056,0.01,0
SA27,Lys,Lys_329,1,"[2, 3, 4, 5, 6]",C12H41N2Si2,2,0.269303,0.01,0
SA27,Lys,Lys_329,1,"[2, 3, 4, 5, 6]",C12H41N2Si2,3,0.1091595,0.01,0
SA27,Lys,Lys_329,1,"[2, 3, 4, 5, 6]",C12H41N2Si2,4,0.031625,0.01,0
SA27,Lys,Lys_431,1,"[1, 2, 3, 4, 5, 6]",C14H47O2N2Si3,0,0.219043,0.01,0
SA27,Lys,Lys_431,1,"[1, 2, 3, 4, 5, 6]",C14H47O2N2Si3,1,0.329529,0.01,0
SA27,Lys,Lys_431,1,"[1, 2, 3, 4, 5, 6]",C14H47O2N2Si3,2,0.227573,0.01,0
SA27,Lys,Lys_431,1,"[1, 2, 3, 4, 5, 6]",C14H47O2N2Si3,3,0.138622,0.01,0
SA27,Lys,Lys_431,1,"[1, 2, 3, 4, 5, 6]",C14H47O2N2Si3,4,0.0528925,0.01,0
SA27,Lys,Lys_431,1,"[1, 2, 3, 4, 5, 6]",C14H47O2N2Si3,5,0.0163125,0.01,0
SA27,Met,Met_218,1,"[2, 3, 4, 5]",C6H24NSiS,0,0.258359,0.01,0
SA27,Met,Met_218,1,"[2, 3, 4, 5]",C6H24NSiS,1,0.386797,0.01,0
SA27,Met,Met_218,1,"[2, 3, 4, 5]",C6H24NSiS,2,0.2405625,0.01,0
SA27,Met,Met_218,1,"[2, 3, 4, 5]",C6H24NSiS,3,0.085623,0.01,0
SA27,Met,Met_320,1,"[1, 2, 3, 4, 5]",C8H30NO2Si2S,0,0.200396,0.01,0
SA27,Met,Met_320,1,"[1, 2, 3, 4, 5]",C8H30NO2Si2S,1,0.3546815,0.01,0
SA27,Met,Met_320,1,"[1, 2, 3, 4, 5]",C8H30NO2Si2S,2,0.2659155,0.01,0
SA27,Met,Met_320,1,"[1, 2, 3, 4, 5]",C8H30NO2Si2S,3,0.119332,0.01,0
SA27,Met,Met_320,1,"[1, 2, 3, 4, 5]",C8H30NO2Si2S,4,0.040815,0.01,0
SA27,Phe,Phe_302,1,"[1, 2]",C12H32O2NSi2,0,0.721599,0.01,0
SA27,Phe,Phe_302,1,"[1, 2]",C12H32O2NSi2,1,0.2028665,0.01,0
SA27,Phe,Phe_308,1,"[2, 3, 4, 5, 6, 7, 8, 9]",C8H30ONSi2,0,0.204012,0.01,0
SA27,Phe,Phe_308,1,"[2, 3, 4, 5, 6, 7, 8, 9]",C8H30ONSi2,1,0.360954,0.01,0
SA27,Phe,Phe_308,1,"[2, 3, 4, 5, 6, 7, 8, 9]",C8H30ONSi2,2,0.2751665,0.01,0
SA27,Phe,Phe_308,1,"[2, 3, 4, 5, 6, 7, 8, 9]",C8H30ONSi2,3,0.1123195,0.01,0
SA27,Phe,Phe_308,1,"[2, 3, 4, 5, 6, 7, 8, 9]",C8H30ONSi2,4,0.03281,0.01,0
SA27,Phe,Phe_308,1,"[2, 3, 4, 5, 6, 7, 8, 9]",C8H30ONSi2,5,0.0085985,0.01,0
SA27,Phe,Phe_308,1,"[2, 3, 4, 5, 6, 7, 8, 9]",C8H30ONSi2,6,0.0021765,0.01,0
SA27,Phe,Phe_308,1,"[2, 3, 4, 5, 6, 7, 8, 9]",C8H30ONSi2,7,0.001847,0.01,0
SA27,Phe,Phe_336,1,"[1, 2, 3, 4, 5, 6, 7, 8, 9]",C8H30O2NSi2,0,0.2041535,0.01,0
SA27,Phe,Phe_336,1,"[1, 2, 3, 4, 5, 6, 7, 8, 9]",C8H30O2NSi2,1,0.3549605,0.01,0
SA27,Phe,Phe_336,1,"[1, 2, 3, 4, 5, 6, 7, 8, 9]",C8H30O2NSi2,2,0.2711445,0.01,0
SA27,Phe,Phe_336,1,"[1, 2, 3, 4, 5, 6, 7, 8, 9]",C8H30O2NSi2,3,0.110547,0.01,0
SA27,Phe,Phe_336,1,"[1, 2, 3, 4, 5, 6, 7, 8, 9]",C8H30O2NSi2,4,0.0343925,0.01,0
SA27,Phe,Phe_336,1,"[1, 2, 3, 4, 5, 6, 7, 8, 9]",C8H30O2NSi2,5,0.0124115,0.01,0
SA27,Phe,Phe_336,1,"[1, 2, 3, 4, 5, 6, 7, 8, 9]",C8H30O2NSi2,6,0.0047955,0.01,0
SA27,Phe,Phe_336,1,"[1, 2, 3, 4, 5, 6, 7, 8, 9]",C8H30O2NSi2,7,0.0032335,0.01,0
SA27,Phe,Phe_336,1,"[1, 2, 3, 4, 5, 6, 7, 8, 9]",C8H30O2NSi2,8,0.002064,0.01,0
SA27,Pro,Pro_258,1,"[2, 3, 4, 5]",C8H28ONSi2,0,0.267477,0.01,0
SA27,Pro,Pro_258,1,"[2, 3, 4, 5]",C8H28ONSi2,1,0.4091025,0.01,0
SA27,Pro,Pro_258,1,"[2, 3, 4, 5]",C8H28ONSi2,2,0.232009,0.01,0
SA27,Pro,Pro_258,1,"[2, 3, 4, 5]",C8H28ONSi2,3,0.071446,0.01,0
SA27,Ser,Ser_362,1,"[2, 3]",C14H40O2NSi3,0,0.438291,0.01,0
SA27,Ser,Ser_362,1,"[2, 3]",C14H40O2NSi3,1,0.41306,0.01,0
SA27,Ser,Ser_390,1,"[1, 2, 3]",C14H40O3NSi3,0,0.4051385,0.01,0
SA27,Ser,Ser_390,1,"[1, 2, 3]",C14H40O3NSi3,1,0.3893125,0.01,0
SA27,Ser,Ser_390,1,"[1, 2, 3]",C14H40O3NSi3,2,0.1534765,0.01,0
SA27,Thr,Thr_376,1,"[2, 3, 4]",C14H42O2NSi3,0,0.34131,0.01,0
SA27,Thr,Thr_376,1,"[2, 3, 4]",C14H42O2NSi3,1,0.3900375,0.01,0
SA27,Thr,Thr_376,1,"[2, 3, 4]",C14H42O2NSi3,2,0.188751,0.01,0
SA27,Thr,Thr_404,1,"[1, 2, 3, 4]",C14H42O3NSi3,0,0.296882,0.01,0
SA27,Thr,Thr_404,1,"[1, 2, 3, 4]",C14H42O3NSi3,1,0.380875,0.01,0
SA27,Thr,Thr_404,1,"[1, 2, 3, 4]",C14H42O3NSi3,2,0.203716,0.01,0
SA27,Thr,Thr_404,1,"[1, 2, 3, 4]",C14H42O3NSi3,3,0.085515,0.01,0
SA27,Tyr,Tyr_302,1,"[1, 2]",C12H32O2NSi2,0,0.7239555,0.01,0
SA27,Tyr,Tyr_302,1,"[1, 2]",C12H32O2NSi2,1,0.199303,0.01,0
SA27,Val,Val_260,1,"[2, 3, 4, 5]",C8H30ONSi2,0,0.2640105,0.018214,0
SA27,Val,Val_260,1,"[2, 3, 4, 5]",C8H30ONSi2,1,0.4161935,0.0138705,0
SA27,Val,Val_260,1,"[2, 3, 4, 5]",C8H30ONSi2,2,0.2343495,0.01,0
SA27,Val,Val_260,1,"[2, 3, 4, 5]",C8H30ONSi2,3,0.0671345,0.01,0
SA27,Val,Val_288,1,"[1, 2, 3, 4, 5]",C8H30O2NSi2,0,0.2605115,0.01,0
SA27,Val,Val_288,1,"[1, 2, 3, 4, 5]",C8H30O2NSi2,1,0.411594,0.01,0
SA27,Val,Val_288,1,"[1, 2, 3, 4, 5]",C8H30O2NSi2,2,0.2387365,0.01,0
SA27,Val,Val_288,1,"[1, 2, 3, 4, 5]",C8H30O2NSi2,3,0.0663185,0.01,0
SA27,Val,Val_288,1,"[1, 2, 3, 4, 5]",C8H30O2NSi2,4,0.0190735,0.01,0
